compound,leaf-01,leaf-02,leaf-03,leaf-04,leaf-05,leaf-06,leaf-07,leaf-08,leaf-09,leaf-10,seed-01,seed-02,seed-03,seed-04,seed-05,seed-06,seed-07,seed-08,seed-09,seed-10
V1,758,783,789,859,837,794,1055,763,881,737,849915,1249,79177,666283,849915,23409,849915,3801,849915,849915
V2,648,703,719,687,626,794,713,713,738,737,849915,849915,849915,849915,849915,849915,849915,849915,849915,849915
V3,226,0,411,478,346,397,428,0,396,343,589879,598321,605724,600662,588387,589528,606355,582492,587390,596184
V4,34080,33098,33666,33117,32486,32682,31707,32853,32965,31463,200552,198948,196537,195079,191823,193035,195493,194003,194510,189977
V5,167501,175520,171559,163139,172987,167470,179371,173354,178174,170650,5475,4695,5086,5853,5257,5367,3873,5495,4093,5535
V6,167501.1,162774,171559,174777,145516,171518,179371,151205,178174,170650,3388,3769,5004,3094,3447,4323,5441,2393,5029,4955
V7,166137,167398,171974,169173,168816,169107,171456,169618,168515,165830,3071,3123,2896,2726,2636,2711,2618,2850,2792,2412
V8,22897,24321,24144,24248,23979,24694,24912,24295,25055,23080,128514,145106,151177,149952,149252,155630,151698,158000,158264,154015
V9,31843,34605,35919,34144,34283,34847,35833,34781,34508,32707,156178,35533,36530,34597,35456,35855,36708,35818,37119,35317
V10,22897.1,24321,24144,24248,23979,24694,24912,24295,25055,23080,68616,2233,23656,149952,145684,120703,151698,1851,34663,45734
V11,145447,143990,142986,148129,147329,146737,146775,147946,146465,142528,142546,140648,141034,144761,148441,146159,148122,149966,149203,142525
V12,3570,3804,3814,3895,4160,3792,3466,3694,3681,3992,127179,133646,136323,133817,134094,140151,138751,141706,135943,139758
V13,762,926,843,830,870,804,796,751,981,733,103490,109231,109324,109600,109533,109297,113841,111540,108233,114276
V14,176,208,276,180,0,175,269,0,0,260,105628,107387,108282,113024,110907,112409,109885,113130,113835,105581
V15,3570.1,3254,3476,3145,3095,2831,2865,3026,3296,3233,85587,89837,92254,91621,94084,94425,92157,95358,95509,95323
V16,76949,82597,82694,85262,81267,83463,77385,86937,83505,81991,607,628,885,690,667,502,581,708,685,577
V17,133,0,0,115,124,0,0,0,124,0,81074,71771,71443,73372,74013,73561,73778,75663,75956,75765
V18,68562,66977,66219,69231,68529,66066,67426,64963,69931,65589,58899,61848,63952,63557,67137,69938,69370,69162,70712,68017
V19,67358,68765,66212,67787,67497,65649,67723,66820,69510,68319,7304,6320,6235,6161,5842,5914,5962,5771,6406,6310
V20,27130,28784,28167,28710,29229,28848,29879,29148,29234,27509,65389,63400,66569,64455,67635,67745,69309,68037,66626,68921
V21,57565,26515,63253,62128,62081,61164,58600,64395,62392,60986,719,683,650,882,714,780,629,757,764,746
V22,21720,22865,22970,20770,21307,21677,21685,20949,22279,21133,56536,62537,64002,62886,61086,61050,61127,63469,62904,62405
V23,354,298,282,320,331,268,290,356,249,291,53946,60114,59142,59940,60812,60170,59764,59596,60491,58007
V24,47331,51462,53461,54704,51985,54715,52811,53823,54099,54854,51122,57815,57282,56442,58990,59178,60293,59574,59168,58005
V25,104,65,77,0,0,79,87,82,71,81,9934,58575,58133,58358,58077,56797,57481,57983,58063,56691
V26,49447,53169,55485,55782,54052,56112,51924,57725,54522,57090,1633,1515,1646,1555,1397,1438,1772,1683,1853,1590
V27,50281,53245,55057,56023,55117,53976,52762,55053,56540,54635,41533,43429,44779,44059,46412,45761,45674,46705,45739,48796
V28,8360,8861,8368,8785,9076,8511,8669,8144,8246,8804,55370,30238,30500,30422,30315,29357,31575,29510,28963,29699
V29,10214,10707,10699,10810,10315,10362,10391,10265,10102,10604,49230,47330,47838,49182,46370,49642,49537,49909,48683,49442
V30,43322,45925,47259,46857,46987,46941,47031,47308,48081,49408,8213,7735,8181,7419,8344,8122,8266,8256,8058,8454
V31,197,0,187,185,217,0,318,0,0,303,41408,42439,44736,43909,41718,42796,44020,42957,42126,43277
V32,23522,24364,23840,23841,23812,22897,23968,23865,23162,23034,43271,41588,42218,42585,42174,41254,43389,41889,42234,41204
V33,3611,3755,3881,3676,3952,3630,3566,3634,3713,3753,39371,40936,41432,42704,42527,42038,41556,42623,43339,41560
V34,821,882,794,875,870,810,827,820,997,746,42944,41074,42206,40863,39706,41501,40902,43248,42336,40076
V35,8732,10225,9657,9751,9532,9410,9657,9398,9495,9194,36501,41940,41546,41110,40718,41324,40422,41664,41666,41369
V36,0,0,184,142,0,0,128,0,0,0,32637,40401,10346,40337,40802,39650,9540,40482,39543,38283
V37,18893,19192,19151,19422,18439,18587,19306,18389,18356,19004,35827,38495,39000,39415,38936,38009,40529,39202,38600,38394
V38,1517,35870,36606,37763,38545,37118,1782,38900,1616,39005,21837,23848,22348,23603,23577,24265,23670,23920,24697,25028
V39,10972,10698,10227,10779,11247,10942,11294,10350,10190,10572,37834,35881,36947,37100,35626,34915,36856,36087,36591,36875
V40,32602,34693,34485,36029,33822,36182,35200,35035,34897,36954,17610,17348,17809,18290,17945,17203,17518,17909,17409,17688
V41,3972,4366,4252,4321,4336,4216,4127,4460,3814,4034,29208,34470,34791,33847,31806,34373,32887,35738,33950,32473
V42,31329,32251,31586,33612,31502,32443,31328,31787,30601,30685,35523,30351,28745,30177,27752,28423,28004,30329,29538,28983
V43,32004,34037,33866,32039,32721,33229,35178,32841,34120,34278,2223,2827,2806,3286,2718,2548,2661,2694,2628,2456
V44,34579,32889,34691,33304,31612,34095,34168,33982,35016,31893,28326,27466,28381,27281,28082,29172,29159,29920,29793,28526
V45,2891,3217,3162,3115,3212,3398,3195,3463,3239,3139,29278,32517,34019,31971,33951,32857,32538,33806,34926,32159
V46,31110,32745,32882,33004,34017,32571,33345,34319,33698,33567,6698,7006,6417,6761,6662,6569,6598,6741,6618,7211
V47,30387,30732,3583,34210,32843,3932,33567,32965,30233,33278,1630,4349,1597,4376,1423,4265,1476,1667,1719,1404
V48,7513,8300,8773,9445,8856,8842,8737,9286,9197,8928,28092,31547,30694,30927,31250,31706,32524,33877,33060,31788
V49,346,274,297,0,367,343,302,0,0,304,30396,29996,31519,31580,32443,31277,31023,31743,30394,33800
V50,4096,4181,32094,30415,3389,32204,33567,4261,32778,33278,3274,1808,3817,1566,3696,1612,3987,4009,3966,3758
V51,5560,6003,5405,5544,5837,5525,5436,5882,5549,5607,28522,32315,32433,32292,31960,32712,31888,33532,32539,31062
V52,0.1,150,0,157,214,157,164,0,157,0,27642,2818,2526,2996,3374,3218,29115,29504,31018,2913
V53,28574,30487,27864,29553,29678,27102,29238,29173,30918,29315,5743,5537,5842,5742,5409,5766,5957,5658,5980,5616
V54,138,150,208,178,214,200,164,0,225,173,3056,28591,28540,29143,28516,30004,3001,2890,2783,29676
V55,608,663,375,473,447,419,334,438,561,584,20984,25620,27156,21309,26792,27363,27692,27567,29926,27554
V56,12555,13017,14556,13743,13649,13047,13440,13824,13442,13766,24087,25655,25324,25269,26431,26950,29279,27096,27274,21181
V57,0.2,0,0,0,113,0,0,0,0,118,4014,4316,27459,4214,27497,4261,28584,27840,28309,27983
V58,28466,25857,24572,22771,22998,21626,21771,22646,22197,20925,1158,1008,1003,1012,941,1093,1172,1038,1055,1063
V59,2751,13017,3280,3224,3379,3197,3343,13824,13442,3054,8503,7558,7822,8342,8400,22144,8600,8073,8216,26478
V60,3808,3849,4366,4163,3817,3706,4487,4363,3887,3717,20507,21159,23418,22627,23752,22885,24834,26376,25182,25891
V61,964,942,922,883,1001,1069,824,1050,947,1055,22628,23942,24642,25395,25608,24937,24636,25662,25120,26320
V62,22916,25017,25069,26055,24996,24960,25248,25633,23764,25448,25234,24175,24711,25381,24386,24369,24047,24863,24134,23400
V63,22916.1,24955,25069,26055,24996,23889,25248,25633,23764,19827,25234,24175,24711,25381,23869,24369,24047,24863,24134,23400
V64,22897.2,24321,24144,24248,23979,24694,24912,24295,25055,23080,2392,2902,2684,2910,2649,2878,2602,2556,2763,2792
V65,0.3,0,216,231,0,0,0,0,0,250,22009,23905,24832,23358,22357,23453,23445,23864,23981,23622
V66,20439,22296,20349,20512,20924,20547,21335,19938,21965,22183,23427,23740,24205,20283,23442,22159,23908,22910,18778,22896
V67,20439.1,22296,20349,17718,20924,20547,21335,19938,21965,22183,23427,23533,21216,23036,23442,20288,16235,12701,23168,22896
V68,20301,21617,21751,20983,21407,21731,21149,21560,20997,21103,21276,22344,23283,23001,21596,22732,22564,23242,22196,22245
V69,22530,21988,22327,23232,21286,19924,20593,20124,18938,19568,1898,1473,1524,1223,1082,1233,1071,1090,1073,820
V70,827,793,780,810,745,728,937,815,899,652,21732,21131,21056,20633,22486,22643,22079,23013,22083,22448
V71,19291,18999,19450,20726,20104,19844,19882,20108,20145,20158,277,303,324,404,319,305,282,313,307,316
V72,11359,11837,11100,12033,11650,12092,11496,11452,12419,11774,20703,19530,19164,20062,20542,19370,19749,19569,20152,20142
V73,17546,17328,17511,18165,16602,17750,19195,17251,17372,16603,20621,17736,17476,17461,18330,17464,17929,18295,18176,17503
V74,16526,18286,16920,16682,17338,17224,17619,17791,18198,17394,16804,19287,19349,18726,19705,19163,20219,19050,20187,19267
V75,16236,16964,16946,16880,16856,17360,17179,17390,18168,17425,18181,17661,18819,18728,18519,17949,19352,19259,19687,18993
V76,0.4,0,129,0,0,0,137,0,0,107,19512,17376,16465,17339,17806,17271,16974,18607,17805,17622
V77,648.1,604,777,885,626,794,731,713,738,737,19249,18796,16742,18007,18053,17209,19005,17141,18287,18046
V78,4503,4673,5021,4749,4365,4338,4457,4681,4363,4556,18470,19213,18301,18282,18573,18081,16864,18580,17443,17273
V79,3723,3820,3839,3555,3487,3603,3749,3495,3455,3652,19161,18567,18938,18324,18492,17851,18757,19967,18729,17706
V80,17910,18583,19101,18400,18225,18394,18876,18724,18441,18055,15118,15557,16270,17216,16137,16123,15620,16082,16478,16296
V81,2073,2293,2388,2082,2133,1964,2038,2149,2071,1982,18699,18805,18222,17954,17513,17017,18242,17494,18063,17539
V82,17174,17624,18139,17441,14551,18720,18030,18023,14633,16876,625,0,0,0,0,0,0,0,0,0
V83,13941,17624,14146,1544,1750,17805,18654,1850,1753,1660,494,187,0,0,0,0,0,0,0,181
V84,259,278,0,0,0,254,269,0,0,0,18442,15485,16507,16772,16559,16170,16929,16052,17113,17174
V85,2695,2704,2444,2676,2585,2593,2470,2671,2401,2596,17942,18060,17597,17579,17695,17772,18113,17391,18316,16993
V86,15485,16898,15189,18269,16692,17357,16576,17671,17177,17000,10157,11401,11336,11537,11507,12426,12105,11889,12147,10978
V87,16830,17670,16986,17230,16908,16517,17416,16678,17120,17094,1998,1702,2182,1910,1761,1842,2065,1746,1652,1696
V88,17118,16752,17003,17534,16632,17361,16754,15786,17126,16666,963,835,968,858,883,817,1122,960,871,1022
V89,15467,15845,16818,16539,17082,16005,16100,16136,16139,16713,973,1180,926,1226,1031,1063,1160,1060,1040,1117
V90,15001,15738,15821,15616,16985,15708,15318,15162,15432,15873,13364,14884,14869,15450,13750,14081,15030,14659,14638,15177
V91,1809,2541,4489,10757,11402,12645,14851,15482,16318,16656,1549,2255,6675,8160,11645,13380,14631,14813,15769,15127
V92,613,708,609,681,673,683,673,590,865,682,14705,16248,14480,15880,15522,15270,16039,15548,16520,15548
V93,8170,8758,8708,8975,8129,8656,9572,8470,9344,8825,14731,15269,15822,15023,15955,12561,15877,16295,16006,14742
V94,8170.1,8758,8708,8975,1456,1594,1479,1416,1497,8825,14731,15269,15822,15023,15955,16270,15877,16295,14820,15904
V95,9985,9771,10358,10075,10135,9611,10043,10245,9679,10655,14056,14808,15621,15548,15031,15300,15316,15541,14804,15057
V96,3018,2682,2725,2562,3291,2492,2682,2748,2534,2941,15450,14912,14706,14552,14805,15026,15538,14475,14468,13993
V97,11783,11897,11578,12206,11242,11507,11423,11039,11326,12462,14915,14646,14652,15419,14182,14334,4318,13987,14428,14519
V98,14221,13649,13803,15126,14495,14612,15390,14513,13844,15067,11857,13198,13724,13669,13574,14735,14486,14249,14149,13999
V99,2994,3419,3133,3215,3143,3320,3230,3227,3237,3223,15001,13618,14481,13571,14356,13573,14312,14059,14483,14662
V100,1233,970,1534,1989,1050,939,1715,1159,1687,1603,13811,12499,12882,13081,13604,14021,5973,14262,14194,13829
V101,3623,3352,4109,3879,3972,3832,3623,4062,4030,3589,13626,13059,12729,13717,11841,14050,12702,13214,13908,12331
V102,608.1,663,375,361,447,419,334,438,561,584,3418,5227,6949,7275,8847,10149,10836,27921,12188,13828
V103,251,237,280,235,209,306,279,195,302,252,11064,12991,11705,12832,12784,13299,13800,13256,13418,13694
V104,1672,1614,1021,1989,1710,1564,1022,1848,1095,976,6373,8039,5539,4253,6824,4957,13422,5847,6297,6217
V105,2943,3350,3231,3071,3318,3502,2997,3411,3230,3050,12704,13110,13369,12857,12129,12465,12353,13378,12672,12298
V106,3322,3151,3056,2967,3094,2960,3204,3128,3315,2793,11846,12618,12789,13047,12711,12728,12640,13300,12716,12542
V107,11074,11778,5003,13017,12986,4416,12787,12626,13243,12601,8653,8259,8921,8520,9648,9749,9559,9085,8855,9104
V108,12768,12470,11492,12731,12817,12322,12621,12800,13151,12411,9641,9132,9151,9255,9288,9247,9898,8937,10165,9035
V109,2079,2239,1826,1757,1919,2019,1866,1635,1804,2168,12206,12852,12197,12208,11820,11822,12857,12126,11803,11386
V110,6298,7000,6341,6311,6734,6472,7193,6520,6791,6943,11237,11938,11052,11977,12332,12795,11701,12357,11933,12471
V111,321,149,203,0,0,0,113,147,87,77,10829,10802,11234,10796,11230,11607,11866,11796,11821,12455
V112,268,340,462,397,481,0,0,0,429,382,12348,11008,11064,10668,11561,11263,11125,10580,10784,11340
V113,11173,10645,11356,11549,11534,11321,12100,11873,12043,11822,8475,8797,8893,8836,9776,10092,9393,9338,10017,9693
V114,11539,11501,10980,11447,11757,11157,11939,11692,11471,11204,8446,10850,11452,11526,11571,11289,11308,11677,11368,11433
V115,935,809,820,991,908,882,824,908,774,855,9798,10463,10637,11097,10627,11433,11160,11315,10684,10623
V116,10009,10587,10017,9253,9762,10038,10742,11413,10113,10091,131,158,0,0,120,171,144,139,147,162
V117,204,0,0,128,0,203,140,355,0,153,9566,9038,10017,10263,10476,10009,10582,10181,10661,11370
V118,0.5,0,0,0,0,0,0,0,0,0,9208,11256,9878,10230,9340,8964,9056,8366,7207,7396
V119,10300,10843,10516,10980,10858,10736,11000,10237,11075,10378,773,732,791,760,750,819,651,709,655,673
V120,454,377,319,371,408,288,304,240,258,263,7493,8536,9063,9237,8880,8906,10198,10237,10753,10781
V121,873,878,749,881,804,760,758,637,662,779,6841,8856,8961,8818,9546,9590,10661,9738,10471,9908
V122,10025,9752,9458,10087,9784,9289,9215,9911,9146,10552,7659,7695,8125,8254,7703,7702,8848,8078,7684,8031
V123,10437,10200,9390,10116,9514,9304,9809,9466,9471,9081,713,1503,1634,1392,1113,1017,913,953,816,832
V124,403,417,577,504,526,600,607,454,494,505,7350,8360,8084,7923,8265,8941,8802,8027,10403,8808
V125,8441,9996,10383,10394,9526,9112,10037,10057,9803,9527,511,653,466,529,419,565,471,465,423,481
V126,7174,7560,9224,9770,9770,9584,9602,10020,9501,10392,337,1297,1660,1533,1627,1551,1637,1560,1661,1814
V127,10100,9527,9718,9664,9455,9543,9524,10172,10199,9285,8899,8675,8652,8848,8976,9069,9265,9318,8777,9165
V128,8298,8725,9782,9379,8819,9525,9239,9674,9850,10115,538,440,446,462,524,472,494,414,473,516
V129,4503.1,4673,5021,4749,4365,4338,4457,4681,4363,4556,10102,18383,18150,5550,17456,17192,16636,17006,17219,16306
V130,1215,1214,1124,1259,1055,1102,932,1218,1055,1173,9646,9823,9587,10088,10049,9979,10007,9662,9413,9608
V131,8568,8628,8712,10049,9687,8864,9627,8535,9820,7831,719,683,650,882,714,780,629,757,764,746
V132,3478,3610,3672,3331,3475,3451,3330,3337,3253,3546,9424,9954,9945,9465,9283,9418,9321,9897,9516,9727
V133,764,854,756,991,837,820,871,867,823,656,8944,8886,8920,9073,8612,8846,9929,8873,9258,9570
V134,8881,9411,8528,9108,8893,9139,9071,9122,9854,8994,3814,4012,4113,4200,4363,3860,4290,3927,4105,4736
V135,2599,2503,2657,2728,2491,2453,2581,2508,2412,3003,9794,2577,2643,2643,2888,2267,2589,2259,2475,2295
V136,6139,2933,3024,3160,2980,2879,2808,2964,2823,3140,9129,8673,8268,8633,9351,8653,8167,9708,9757,9566
V137,2039,2379,2425,2276,2185,2517,2835,2420,2409,2375,7978,7977,8037,8557,9580,9128,9232,9600,9009,9318
V138,0.6,0,0,0,0,126,104,0,0,0,1318,1292,8748,8521,9315,8364,9442,8527,8943,8736
V139,165,174,183,195,158,191,170,197,153,167,3363,8353,8601,9421,7896,7995,7271,8317,7940,7945
V140,1529,1668,1596,1496,1401,1405,1411,1695,1468,1561,8895,8947,8678,9222,8690,9284,9310,9351,9098,8965
V141,1458,1544,1566,1578,1456,1588,1567,1467,1577,1490,8456,8816,9026,8316,8401,8589,9187,8443,9082,8509
V142,8221,8450,8263,8738,9088,8424,8328,8939,8964,8723,1741,1631,1768,1868,1681,1711,1833,1647,1855,1817
V143,5259,5685,6000,5702,5838,5430,5774,5950,5822,5839,7777,8047,7871,9009,7709,7649,8488,8752,8392,8143
V144,8402,8696,8912,8804,7969,8489,8610,8950,8131,8283,5182,5808,5424,6093,5337,5166,5681,5597,6031,5927
V145,1142,1248,1261,1269,1289,1307,1218,1157,1197,1154,7283,7899,7752,8211,8488,8581,8607,8686,8932,8750
V146,7525,7901,7656,7694,8392,7844,7986,7808,8470,8836,746,636,675,675,540,520,581,651,488,615
V147,6288,6301,6308,6450,6461,6125,5990,6177,6712,6314,8717,7712,8319,7806,8085,7863,8831,7495,7479,8200
V148,7537,8599,8314,7937,8037,8271,8464,8218,2161,8811,6639,6732,6983,6980,6701,6819,6657,6743,6437,7123
V149,7764,7816,7689,8076,8659,8018,8475,8103,8481,8755,785,846,747,887,1028,907,1006,0,1028,834
V150,8321,8489,8044,8414,8478,7703,7614,8254,7909,8734,453,431,445,498,457,402,498,475,438,445
V151,295,250,368,213,0,210,265,155,284,0,7683,8400,8603,8673,8305,8012,8419,7782,8273,7950
V152,219,202,152,187,208,219,173,158,211,217,5694,7083,8509,7976,7194,7857,8136,8033,8446,8606
V153,707,862,806,901,794,831,838,1022,835,895,8321,8307,8398,8557,8289,8241,8089,8336,8068,7858
V154,6288.1,6301,6308,6450,6461,6125,5990,6177,6712,6314,8097,7507,8477,7610,7698,7653,8070,6806,6967,7622
V155,1333,1118,1217,1055,1290,1292,1258,1173,1170,1233,8451,1248,1344,1214,1241,1343,1285,1160,1231,1291
V156,96,268,291,396,524,686,641,711,860,865,716,2478,3986,4599,5706,5890,6922,7395,7643,8446
V157,886,868,774,856,850,833,774,973,960,942,8434,7461,7630,7258,6979,7190,7487,7776,7325,7511
V158,7712,7995,8411,7785,7878,7845,8022,7668,7920,8181,0,0,0,0,0,0,0,0,0,0
V159,2043,2196,2070,2031,1991,2089,1755,2153,1939,1977,7254,8291,6747,8393,7854,7318,6935,7090,7268,5713
V160,2043.1,2196,2070,2031,1991,2089,1755,2153,1939,1977,7254,8291,6747,8329,7854,7318,6935,6755,7830,7067
V161,7936,7528,7364,8277,8102,7630,7785,7347,7994,7925,308,4146,4657,4742,4486,4738,4161,4566,4308,4335
V162,316,270,280,319,251,241,266,221,259,307,6798,8233,8033,7936,7588,7594,8011,7708,8114,7428
V163,5857,6735,6647,6429,5405,7713,7494,7253,8198,7679,4440,2723,3086,2721,3042,3182,3282,3508,2853,3561
V164,7773,7577,8081,8137,7198,7559,8034,7648,7539,7755,1449,1566,1537,1358,1618,1773,1513,1942,1672,1768
V165,563,592,452,346,403,409,300,289,335,360,7535,7768,8088,7627,8121,7878,7157,7562,7856,7097
V166,5150,5108,5400,5387,5402,5303,5555,5500,5887,5192,7184,7530,7170,7800,7606,7648,7718,7971,7797,8014
V167,7882,7678,7447,7319,7360,7503,8008,7860,7530,7797,1295,1262,1216,1376,1195,1208,1472,1285,1250,1299
V168,3737,3699,4031,3767,3851,3593,3815,4073,4141,3912,7343,7577,7846,7788,7389,7192,7538,7568,7908,7826
V169,6823,7217,7553,7596,6564,7299,7399,7877,1188,7439,1403,955,1180,1205,1203,1126,1064,1258,1005,1094
V170,4467,4745,4806,4913,4532,4897,4795,5002,4746,4521,7776,7776,7428,7393,7288,7377,7237,7622,7769,7342
V171,2707,2964,3077,2661,2881,2498,2634,2715,2659,2632,7419,7641,7721,7730,7401,7437,7416,7208,7345,7527
V172,5855,2184,2291,6429,6548,5696,7031,2186,7683,7679,5377,2514,3086,3180,3042,2870,2808,3508,3158,2848
V173,1445,1589,1437,1526,1896,1375,1455,1693,1608,1630,7430,7150,7493,6932,7288,7186,7646,7216,7115,7258
V174,5550,5359,5576,5515,4911,5446,5480,5244,5140,5194,7277,7056,7549,7533,7549,7148,7297,7507,7506,7123
V175,1541,1724,1975,1815,1732,1955,1614,1846,2014,1735,6886,7095,7531,7398,7332,7273,7537,7501,7404,7536
V176,6360,6651,6885,7435,7218,6525,7030,6389,6814,6932,6237,6565,6604,6872,6397,7213,6952,6768,6940,6946
V177,6298.1,7000,6341,6311,6734,6472,7193,6520,6791,6943,6914,6240,5890,6121,6553,6649,6574,6862,7390,6909
V178,2508,1987,2248,2286,2083,1973,2014,1990,2181,2180,7032,6769,6578,7014,6590,6632,7107,7367,6989,7141
V179,6714,7091,7154,7070,6878,7283,6935,7059,7065,7241,5458,5058,5314,5381,5248,5118,4963,5050,5001,5186
V180,7213,7030,6835,6963,6441,6185,6745,6725,7179,6686,1097,895,912,912,879,996,926,1098,870,798
V181,5736,6396,6956,6954,6415,6034,5916,7027,6492,6294,4802,5206,4686,4958,4916,5468,4977,4943,924,5024
V182,6590,6605,6690,7025,6900,6640,6458,6623,6701,6989,0,420,412,485,460,431,457,428,446,413
V183,1856,1842,1661,1730,1851,1876,1853,2069,1636,1965,5990,5291,4801,4550,6663,6089,6914,7018,5507,5894
V184,3057,2938,3192,2928,3000,2998,2807,3098,3051,2956,6836,6558,6664,6457,6768,6735,6815,6968,6463,6238
V185,6231,6390,6633,6299,6420,6326,6745,6943,6421,6518,3383,4164,3442,3852,3636,3315,3476,3417,3892,3244
V186,6849,6262,6378,6888,6347,6249,5982,6880,6853,6521,4938,5632,5757,5743,6253,6067,5693,6189,5864,5679
V187,2970,3199,2933,2873,2723,2553,2851,3038,2848,2856,6420,6079,6171,6234,6825,6671,6647,6152,6507,6517
V188,5726,6804,6044,6531,6516,6290,6329,6345,6455,6770,4409,4826,4617,4681,1956,5544,5148,4771,5310,5556
V189,2063,2184,2291,2262,2221,2519,2270,2186,2552,2498,6723,2325,2452,2678,2654,2542,2587,2529,2800,2848
V190,1223,1284,1224,1231,1154,1083,1329,1269,1143,1153,6656,1167,1576,1367,1201,1406,1181,1302,1269,1189
V191,6139.1,6145,6184,6607,6251,5912,5946,5835,5977,6250,5561,5575,5144,5945,5606,5510,6046,6158,5677,5704
V192,5221,5053,5317,5795,5047,5301,4977,5448,5004,4978,6528,5865,6139,6029,6052,5784,6251,5808,6175,6115
V193,1775,1716,1938,2402,1850,2008,1927,1831,2016,1768,6126,6138,6100,5839,6490,6072,6182,5922,5937,6000
V194,1261,1565,1693,1585,1352,1519,1660,1418,1541,1357,6488,5531,5818,5148,5146,5352,5253,5700,5545,5180
V195,5872,5501,5626,5677,5376,5700,5438,6005,5781,5301,5577,5775,5702,6486,5296,6370,6161,6257,5947,6223
V196,5978,6139,6246,5787,5812,6394,5806,6204,6447,5503,674,531,439,575,539,590,639,708,636,587
V197,5773,5981,5898,6226,6404,5594,5732,5480,5880,5906,1911,1843,2148,2100,2126,2101,1881,2006,1932,1944
V198,3057.1,2938,3192,2928,3000,2998,2807,3098,3051,2956,4094,6558,3831,6457,6768,6385,4034,3665,3675,3412
V199,1856.1,1842,1661,1730,1851,1876,1853,2069,1636,1965,4078,5875,6025,6231,4899,4705,6313,5916,6380,4379
V200,1238,846,1264,1272,1178,1162,1160,1447,851,951,5923,6053,5898,5967,5727,5994,6365,6115,5767,6172
V201,4121,4146,4468,4495,4465,4650,4839,4199,4300,4233,6038,5484,5509,6332,6068,6267,6093,5967,6248,5848
V202,5326,5326,6036,2207,5624,6021,6285,5653,5533,5858,4431,3845,3916,4032,4100,4189,4251,4370,3999,4168
V203,2503,2309,2354,2902,2703,2551,2579,2581,2943,2693,5915,6054,5535,6259,5242,5400,5653,6024,5348,5777
V204,1644,1563,1673,1594,1697,1833,1588,1465,1588,1525,6208,1617,2035,1704,1580,1590,1709,1714,1702,1656
V205,3079,2947,2623,2568,2440,2579,2562,2243,2334,2372,5846,5168,5883,6208,5882,5931,6005,6144,6097,5748
V206,1353,1437,1607,1560,1490,1364,1930,1458,1250,1562,6160,5598,5046,5475,5067,5822,5829,5715,5882,5937
V207,727,684,663,718,595,599,788,862,730,689,5179,5349,5162,6154,5509,5444,5520,5392,5765,5619
V208,1139,1053,986,907,892,1127,1211,461,1368,1099,5071,5521,5167,5945,5648,5284,6138,5532,5683,5715
V209,1522,1439,1628,1785,1801,1576,1558,1780,1595,1789,5395,5179,5590,5345,5489,5101,5443,6098,5283,5094
V210,1196,1313,701,793,976,1346,676,708,1090,1160,5959,1128,1296,1144,808,1047,1253,1263,696,965
V211,2896,2466,2506,2434,2522,2500,2487,2569,2738,2432,5571,5448,5298,5352,5532,5322,5338,5927,5591,5037
V212,475,510,472,523,529,512,566,585,547,646,5902,4782,5060,5286,4861,4599,4637,4961,5070,4661
V213,400,540,445,512,461,530,491,462,440,514,4575,5376,5006,4686,5130,5809,5315,5290,5319,5391
V214,1855,1816,1861,1692,2065,1906,1985,1948,1756,2089,5601,5401,5461,5469,4856,5801,5412,5244,5679,5708
V215,5098,4753,4554,4691,4707,4874,5089,4831,4894,5078,5754,5259,5053,5388,5174,5176,5652,5306,5116,5372
V216,2577,2550,2508,2662,2242,2383,2673,2635,2760,2385,5718,5181,5145,5041,5395,5421,5222,5529,5172,5472
V217,229,0,0,334,0,274,217,324,207,303,5628,5336,5249,5636,5295,5336,4928,4926,5307,4795
V218,5117,5265,5327,5616,4984,5373,5118,4866,5398,4880,1647,1501,1534,1951,1623,1811,1660,1680,1672,1626
V219,143,150,0,92,132,0,0,190,89,106,5029,4906,4875,5338,570,5141,5112,5602,5170,5175
V220,5042,4789,5053,4914,5525,5415,5025,5600,5160,5236,314,0,232,0,216,0,0,126,199,210
V221,2104,2202,2564,1994,2304,2137,2128,1948,2019,2282,3912,4185,4085,4395,4720,4359,4971,4986,5171,5545
V222,1236,1283,1335,1244,1488,1405,1313,1221,1104,1118,5541,1287,1228,1274,1330,1441,1293,1274,1226,1228
V223,1064,1180,1108,1170,1082,1114,1044,1209,1101,987,5524,1207,1148,1197,1097,1303,1228,1217,1388,1171
V224,1305,1258,1252,1238,1217,1382,1352,1496,1398,1445,5339,4455,4728,4840,4794,4842,4939,4715,5002,4876
V225,1125,905,1126,1235,1221,1240,1088,1418,1399,1246,3775,4429,957,1105,5326,5131,1019,1077,878,4681
V226,1311,1167,1491,1332,1428,1334,1391,1237,1327,1545,5255,1514,1473,1309,1257,1354,1349,1225,1203,1338
V227,259.1,294,291,320,320,303,425,372,370,322,5014,5178,4602,5202,4810,4651,4972,4857,4814,4541
V228,1125.1,905,1126,1235,1221,1240,1088,1418,1399,1246,3775,986,5088,4488,882,5131,4701,4860,4782,799
V229,2601,2469,2568,3300,3304,2532,2751,3008,2519,2962,3977,4890,4648,4567,5119,4899,4692,4780,4791,4400
V230,5428,5035,4964,4907,4711,4900,4999,5103,4775,4671,605,529,640,552,556,668,648,613,642,680
V231,2267,2228,2606,2328,2330,2384,2443,2544,2261,2380,5004,4800,4766,4687,4816,5032,5049,4861,4866,4894
V232,705,637,592,737,683,741,825,735,612,642,4650,4761,4253,4134,4860,4649,5023,4526,4598,4417
V233,4040,4333,4313,4929,4380,4321,4320,4967,4094,4409,104,347,368,310,209,263,312,433,786,0
V234,567,663,1437,3070,3094,3960,1155,4761,4860,4956,351,605,1613,2388,3241,3595,4373,4254,4549,4205
V235,516,391,503,440,387,505,373,353,417,452,4680,4328,4765,4531,4601,4714,4599,4802,4923,4764
V236,2137,1429,1538,3224,3379,3197,3343,1678,1376,3054,4078,4646,4280,4483,4899,4705,4659,4767,4607,4379
V237,52,59,0,0,65,0,0,59,59,60,2290,4870,4339,4166,3735,3374,3559,3045,3078,2761
V238,2880,3220,3174,2982,3155,3194,3255,3391,3234,3151,2344,4265,4408,4809,4715,4863,4779,4723,4598,4838
V239,1008,1222,1119,1080,1151,1036,1243,1129,1274,1116,4710,4497,4824,4842,4564,4566,4522,4641,4541,4465
V240,2196,2387,2247,2711,2258,2308,2315,2192,2614,2270,4433,4467,4695,4446,4679,4640,4485,4803,4478,4284
V241,578,603,560,638,544,598,675,638,565,613,4504,4473,4592,4397,4687,4449,4783,4517,4571,4536
V242,4434,4195,4682,4515,4776,4296,4489,4343,4349,4185,440,881,896,776,600,554,607,563,431,404
V243,2267.1,1323,1306,2739,1240,1367,1223,1275,2667,1173,4765,1249,1259,1280,1212,1132,2076,1146,1361,1318
V244,4627,4498,4320,4585,4345,4184,4157,4237,4429,4765,461,1038,876,748,697,598,519,479,410,441
V245,221,0,0,0,0,0,374,446,523,543,3931,4146,4406,4442,4433,4758,4612,4562,4387,4362
V246,803,535,551,558,813,650,595,662,648,633,3851,4558,4302,4035,4298,4443,4710,4522,4209,4202
V247,330,51,301,203,0,95,0,0,0,0,4182,4097,3965,4268,4216,4352,4616,4414,4430,4685
V248,2753,3408,3227,3662,3308,3512,4169,3789,4632,4456,1068,815,1052,1031,979,1215,1078,1222,1031,1250
V249,1015,817,796,0,873,736,616,661,549,463,3964,4112,4451,3988,4576,4023,3776,3560,4077,3921
V250,1076,1140,1330,1253,1415,1282,1110,1238,1049,1236,4547,4394,3961,4283,4298,4551,4133,4137,4117,4005
V251,991,920,1004,944,905,819,684,963,933,793,3833,3484,3902,4133,3998,3363,3598,4490,3662,3753
V252,4392,4133,4137,3935,4479,4271,4125,3777,4325,3910,0,0,205,233,188,0,213,183,144,161
V253,2080,1811,1955,3871,2027,1975,3666,3774,4468,3884,0,299,371,306,278,258,288,345,371,0
V254,662,469,0,0,700,678,607,0,476,0,4245,4363,4313,4217,4057,4119,3948,4398,4454,3811
V255,4011,3963,4104,4190,3750,3702,3872,4005,4427,3533,416,498,386,520,400,635,500,548,458,413
V256,855,660,691,657,735,659,913,726,551,719,4332,3941,4058,4372,4162,4125,4199,3968,4200,4181
V257,0.7,0,0,0,0,135,0,229,156,0,4363,3945,3923,3896,3970,3950,3893,4216,3936,3741
V258,1882,3026,2854,3935,3820,3912,4128,3782,4354,4125,351,470,402,380,358,410,471,407,402,427
V259,934,1076,859,1113,1086,1003,1158,1030,913,843,4346,2768,2899,3124,2964,3189,2983,3302,3498,2955
V260,3201,4215,3658,3809,4118,3568,4026,3787,3839,3767,1575,1634,1565,1439,1924,1449,1464,1414,1430,1501
V261,3386,3881,3547,4120,3792,4206,3771,4099,3274,3821,184,205,0,234,212,227,277,174,0,183
V262,1910,1783,1811,2092,1976,1989,2116,1953,1950,1891,3611,3531,3209,3652,3998,3337,3699,3491,3408,4168
V263,3660,3874,3673,3978,4116,3426,3379,3683,4006,3926,3967,4012,4143,4073,3691,3932,3950,3895,3838,3796
V264,3869,3854,3614,4102,3622,3995,3762,3984,4029,4044,472,1123,901,877,827,907,820,657,582,503
V265,3578,3542,3659,3409,3442,3773,3391,3734,3549,3490,3647,3639,3400,3970,3353,3556,3594,3695,4037,3472
V266,2688,3181,3154,3948,3773,3423,3640,3974,3532,3405,0,2047,3242,3247,2948,3008,2964,2625,2848,3106
V267,841,742,761,809,766,892,807,954,839,812,3756,3689,3791,3849,3720,3927,3877,3887,3604,3592
V268,1809.1,2541,4489,2511,2656,2874,3216,3749,3629,3923,1549,2255,815,8160,1458,1396,1531,1853,1735,1858
V269,3499,3876,3545,3714,3780,3574,3737,3913,3770,3608,2823,2407,2446,2487,2469,2499,2252,2536,2550,2479
V270,2840,2915,3064,3228,3316,3904,3271,2950,3100,3199,3027,3604,3349,3155,3109,3168,3343,2965,3431,3324
V271,3028,3230,3318,3492,3718,3377,3394,3617,3739,3795,349,413,446,617,421,457,512,473,487,471
V272,0.8,0,0,0,0,41,0,0,89,0,795,1289,1805,2038,2412,2364,2739,2912,3123,3784
V273,3495,3772,3494,3660,3698,3594,3442,3458,3657,3778,1103,880,969,923,1091,1107,1119,1238,990,1088
V274,681,772,786,711,772,687,748,903,729,592,3760,692,648,670,796,763,729,710,768,597
V275,0.9,0,0,0,0,0,82,0,0,0,3744,2880,3105,2896,2942,3084,2990,3363,3125,3139
V276,3724,3671,3399,3243,858,3195,3314,3069,2937,2982,182,0,241,0,0,141,139,219,0,229
V277,3009,3082,3001,3090,2990,3412,2977,3018,3230,3475,2910,2948,3195,2853,3722,2984,3349,3094,3109,3321
V278,1196.1,655,1187,1166,705,732,1037,1031,1090,654,3690,751,708,777,1068,1047,1253,980,1112,965
V279,412,521,399,721,459,522,519,418,522,374,3180,3310,3507,3650,3570,3080,3525,3370,3284,3673
V280,2458,2572,2596,2700,2540,2669,2642,2697,2503,2428,3197,3360,3330,3671,3378,3504,3352,3136,3456,3069
V281,3084,3654,3014,3438,3254,3109,3303,3279,3524,3222,297,0,247,217,307,401,195,210,310,245
V282,3547,2652,3256,1477,3653,1902,3483,2793,3449,3126,0,75,0,0,0,0,63,61,0,0
V283,2712,2769,2491,2297,2354,2342,2283,2020,1819,1819,3163,3448,3263,3600,3174,3134,3304,3648,3164,3487
V284,2726,2733,2934,3108,2787,2593,2758,2670,2888,2687,3645,2245,2414,2401,2265,2069,2379,2354,2261,2499
V285,3162,3440,3247,3427,3422,3364,3443,3540,3632,3404,542,451,360,354,348,444,433,341,393,426
V286,957,852,837,750,826,880,726,809,826,730,3414,3509,3376,3631,3446,3146,3266,3170,3245,3310
V287,3543,3512,3569,3442,3607,3426,3019,3341,3485,3121,0,59,0,71,0,0,0,75,0,0
V288,1256,1176,1436,1499,1638,1284,1484,1266,1391,1484,3114,3317,3590,3016,3283,3170,3015,3326,3075,3091
V289,2918,3163,2868,2922,3590,2901,2629,3093,3033,3024,949,777,779,667,782,832,740,698,854,785
V290,585,804,697,682,541,559,666,840,634,539,3535,651,623,573,628,510,694,661,643,561
V291,3278,3206,3276,3341,3502,3242,3529,1076,3663,986,842,583,583,622,561,719,603,628,665,657
V292,490,522,450,550,495,487,496,439,531,545,3525,478,469,475,397,492,479,470,594,502
V293,2999,3254,3083,3255,3258,3455,1082,3182,3520,3470,1713,1579,1889,1799,1838,2165,1915,2412,1919,2030
V294,807,865,623,653,788,605,716,610,740,639,3175,3016,3190,3340,3255,3476,3312,3267,3268,3155
V295,253,259,512,760,597,923,762,1051,873,890,1242,3458,3261,2757,2570,2321,2341,2133,2229,1758
V296,606,576,0,487,555,479,0,500,437,461,2829,3040,2996,2955,3331,3085,2855,3207,3442,3073
V297,2962,3003,2932,3342,2861,3339,3149,3440,3425,3279,0,0,0,0,0,0,0,0,0,0
V298,1173,1239,1227,1280,1089,1426,1086,1097,1082,987,1232,3363,3435,2924,1967,2649,2314,2613,2023,1791
V299,2344,2373,2027,2249,2022,2127,2101,2155,2090,2214,3061,2878,3178,2766,2855,3002,3381,3184,3255,3424
V300,810,866,851,860,825,912,836,813,804,767,3420,2384,2800,2348,2759,2437,2708,2669,2359,2392
V301,3303,3374,3112,3126,3344,2942,3112,2968,3178,3115,819,786,766,597,706,638,754,658,854,782
V302,2687,3038,3322,2797,3020,2643,2902,2835,2756,2932,2753,2614,2744,3195,2514,2658,2747,2786,2599,2877
V303,2824,2820,7272,2747,3173,3306,2600,2804,13634,3295,845,536,796,596,782,771,563,694,654,780
V304,2907,2762,3039,2850,2963,2772,2833,3306,3223,3245,2039,2223,2167,2319,2446,2564,2622,2226,2313,2380
V305,1966,2295,2200,2362,2317,2125,2148,2220,2069,2443,2713,3215,3268,2818,3046,2934,3300,3224,3036,2701
V306,2858,3023,2738,3102,3268,2975,3218,2978,3009,3170,2304,2210,2187,2252,2239,2227,2595,2344,2185,2600
V307,939,877,917,935,996,787,797,935,957,1034,2631,2985,2715,2628,3260,2758,3153,3175,3082,2762
V308,1587,1705,1690,1707,1935,1891,1142,1627,874,1823,2719,2682,2680,2669,2832,2548,2428,2722,3248,2481
V309,718,866,681,684,685,733,933,756,788,680,2613,2813,3140,2863,2640,2667,2539,3221,2891,2742
V310,2619,2895,2879,2850,2723,2782,2458,2621,2663,2582,3183,2711,2740,3179,2603,2685,2920,2802,3134,2702
V311,3031,3102,2910,3009,2843,2841,3177,2688,2680,2558,334,287,326,274,318,292,281,236,253,263
V312,574,507,544,581,539,511,612,477,581,589,3173,2721,2431,2832,2675,3098,2849,2557,2572,2534
V313,0.1,227,171,0,204,0,0,185,0,0,2324,2960,3171,956,2520,2669,2625,2572,2620,2624
V314,2284,2157,2222,2295,2054,1990,2212,1917,1970,2175,2372,2767,3161,2584,2685,2388,2748,2547,2578,2396
V315,1883,1062,1104,1208,1160,1373,1140,1159,1403,1151,2807,2563,2596,2597,3159,2627,2771,2718,3009,2677
V316,2758,2737,2865,2996,2928,3016,2471,3148,2826,2874,7675,7504,0,196,7548,7367,0,242,198,225
V317,2898,2847,2950,2956,2992,2822,3139,2864,2986,2781,2214,2538,2455,2369,2424,2355,2373,2541,2438,2558
V318,957.1,1203,1715,2621,2863,2799,2843,3125,3161,3147,488,1050,1962,2666,2653,2786,2908,2922,2819,2835
V319,1753,1852,1725,1862,2005,1790,1811,1809,1813,1708,2671,2833,3101,2668,2700,2581,2986,2901,2829,2810
V320,2599.1,2880,2528,2490,2708,2625,2624,2499,2827,2412,2641,2530,2523,2735,2447,2485,2555,3083,2484,2403
V321,0.11,0,0,0,0,0,0,0,0,0,2608,2731,2725,2783,3076,2641,2727,2792,2615,2652
V322,2984,3044,3056,2632,2669,2631,2684,2537,2517,2835,744,866,883,963,1003,873,904,740,928,1021
V323,910,972,1400,2783,2677,1700,1729,3050,2998,3032,558,742,1442,1194,2032,2310,1589,1625,2216,2101
V324,0.12,2208,1590,0,0,2466,0,0,109,0,1696,1900,2925,1868,2940,1829,2168,1666,3048,2608
V325,650,722,612,671,663,583,687,631,848,741,3037,1056,772,700,794,846,787,933,884,920
V326,0.13,0,127,0,155,110,0,101,129,87,2837,2782,2649,2983,2667,2830,2963,3026,2977,2981
V327,2995,2695,2775,2914,3012,2758,3005,2591,2543,2246,401,0,751,727,415,166,447,480,582,0
V328,2749,2828,3012,2564,2422,2729,2754,2793,2582,2742,1434,3070,2895,2698,2952,2928,3034,2863,2657,2877
V329,261,0,0,0,0,0,0,250,0,200,2390,2524,2411,2753,2429,2501,2562,2526,2728,3003
V330,937,911,795,813,766,833,784,784,876,684,3003,790,910,834,830,916,833,716,734,687
V331,882,899,925,966,1027,974,895,959,935,954,2962,1445,705,1368,1589,1422,781,1502,1276,1347
V332,22897.3,24321,24144,24248,23979,24694,24912,24295,25055,23080,2392,2902,2684,2910,2649,2878,2602,2556,2763,2577
V333,809,486,496,491,442,591,466,773,368,377,2903,2364,2628,2452,2633,2636,2423,2623,2425,2561
V334,0.14,102,84,0,0,65,63,0,0,70,2848,2103,1164,2667,2882,2701,2486,2203,1822,1171
V335,1910.1,1783,1811,2092,1976,1989,2116,1953,1773,1891,2680,2629,2507,2666,2843,2364,2761,2415,2696,2626
V336,7148,8758,8708,8975,7660,8656,9572,7292,1950,8825,2392,2629,2507,2666,2843,2307,2761,12912,2696,2626
V337,466,470,484,443,427,488,582,448,605,397,2842,2365,2328,2245,2368,2302,2528,2175,2308,2365
V338,2333,2687,2325,2839,2437,2505,2445,2651,2403,2359,396,537,562,491,621,411,411,440,359,419
V339,1121,1553,1314,1174,1350,1489,1238,1404,1621,1371,2098,2645,2355,2603,2652,2753,2839,2687,2668,2725
V340,2399,2440,2675,2639,2525,2509,2578,2813,2340,2536,2049,1809,1834,1982,1924,1909,1992,1999,1945,2005
V341,2267.2,2766,2707,2739,2617,2517,2688,2809,2667,2484,4765,2009,1677,1974,1948,1805,2076,1910,1833,1700
V342,2386,2746,2757,2664,2806,2512,2745,2699,2675,2719,2352,2541,2118,2442,2470,2138,2339,2233,2735,2008
V343,2690,2487,2509,2806,2530,2341,2208,2400,2253,2703,1884,1959,2028,1884,1916,1926,2148,2092,1916,1934
V344,917,1145,1084,899,1051,946,909,945,649,997,2796,2458,2716,2657,2523,2567,2682,2490,2505,2252
V345,1863,1770,1844,1748,1940,1828,1779,1909,1815,1905,2786,2757,2656,2672,2502,2738,2753,2560,2756,2743
V346,162,163,144,178,192,0,170,0,135,144,2563,2784,2737,2641,2402,2581,2622,2734,2631,2671
V347,1890,2248,2541,2107,2335,2273,2541,2782,2511,2314,1538,1535,1545,1623,1510,1438,1334,1552,1776,1418
V348,247,189,290,217,168,201,240,182,193,170,2576,2457,2194,2297,296,2303,2294,2429,2780,2729
V349,1542,1429,1484,1493,1555,1338,1674,1449,1539,1528,2282,2696,2571,2583,2407,2361,2746,2275,2474,2391
V350,1173.1,1239,1227,1280,1089,1426,1086,1097,1082,987,2742,2271,1200,2443,2665,2158,2168,1483,1781,1681
V351,2523,2718,1974,1752,2294,2558,2302,1625,2347,2678,0,0,0,144,139,0,146,0,0,0
V352,2061,2145,2063,2112,2172,2214,2005,2103,2061,1997,2712,2526,2668,2748,2552,2438,2674,2716,2619,2647
V353,2440,2602,2573,2641,2423,2457,2440,2688,2329,2329,568,486,530,439,528,485,523,414,400,355
V354,534,315,413,504,368,444,368,363,332,389,2675,2421,2558,2280,2108,2403,2431,2334,2359,2464
V355,1948,2250,2287,2521,2476,2317,2471,2264,2494,2367,2347,2555,2424,2266,2412,2189,2385,2404,2668,2590
V356,12133,12078,12878,1362,13756,12509,12955,13405,0,11995,2014,2398,2362,2553,2250,2371,2333,2667,2432,2390
V357,2537,2532,2545,2497,2627,2552,2593,2539,2543,2421,2260,2411,2169,2664,1912,2217,2389,2135,2110,2196
V358,1580,1874,1460,1998,2248,2638,2004,2650,2497,2471,586,416,342,382,456,464,315,0,452,378
V359,2640,2311,1677,2251,2132,2045,2162,2215,1457,1812,202,0,0,0,257,253,262,201,221,0
V360,993,2355,2352,2156,2629,1073,2192,2149,2304,2205,647,609,518,511,552,486,570,546,527,556
V361,2606,2343,2282,1997,2541,2259,2381,2249,2153,2422,348,363,405,318,272,246,442,303,245,280
V362,2179,2441,2447,2414,2340,2342,2291,2596,2263,2318,1969,1811,2014,1810,1849,1686,1687,1666,1779,1593
V363,1916,1952,2151,2053,2098,1862,2075,2571,2095,2132,1403,955,1180,1205,1203,1126,1064,1258,1005,1094
V364,1248,1238,1144,1243,1012,1100,1029,1078,1114,1107,2533,1847,2101,1771,1847,1794,1842,1936,1757,1569
V365,2246,2427,2301,6061,2170,2277,2133,2532,5533,2198,4431,1737,1880,2185,4100,4189,2344,2240,2258,4168
V366,1882.1,2429,2355,2137,2451,2528,2386,2209,2214,2311,0,141,119,0,0,0,0,0,100,0
V367,2080.1,2472,2299,2235,2522,2096,2456,1818,1504,2090,0,0,122,145,150,147,0,0,148,0
V368,0.15,0,62,0,0,82,0,80,75,69,1727,1912,1690,1865,1936,2034,2486,2208,2289,2518
V369,2381,2371,2240,2283,2059,2127,2179,2109,2225,2478,2363,2514,2239,2402,2324,2092,2166,2168,1955,2167
V370,1882.2,1982,2080,2145,2273,2386,2251,2244,2435,2508,295,470,0,284,292,410,471,407,402,0
V371,1933,1990,2497,2063,2144,2417,2116,2272,2037,2032,1806,2050,1998,2076,2190,2003,2066,2070,2175,2109
V372,2221,2365,2475,2241,2198,2405,2386,2299,2408,2332,337,426,311,360,288,336,337,283,323,338
V373,1749,2285,2472,2184,2041,2319,2168,1819,1837,1842,2075,2101,2132,2199,2216,2266,2011,2096,2093,1974
V374,1970,2062,2060,2362,2359,2186,2081,2032,2190,1843,2044,1859,2071,2077,2143,2162,1999,2179,2448,1928
V375,2373,2448,2155,2095,2425,1963,2080,2177,1929,2116,2012,1995,2093,1996,2041,1900,1831,1841,1831,2073
V376,2440.1,2059,1905,1895,1953,2113,1843,1934,1828,1704,405,798,691,610,666,709,781,681,760,752
V377,1627,1633,1656,1902,1657,1808,1686,1816,1932,1812,2313,2186,2157,2202,2115,2085,2434,2045,2177,2303
V378,2030,2180,2410,1747,2061,1368,1435,1932,1944,1989,220,120,230,166,230,190,156,198,179,168
V379,109,131,0,151,107,0,129,0,125,0,2096,2404,2105,2080,1919,2106,1885,1776,1699,1751
V380,2201,2043,2381,2091,2185,2271,1985,2275,2200,2021,0,0,0,0,0,204,0,0,0,205
V381,1457,1648,1675,1629,1580,1627,1554,1689,1635,1480,2364,1602,1562,1552,1496,1754,1492,1682,1660,1666
V382,1201,1366,1082,1441,1204,1160,1157,1268,1111,1246,1930,2207,2213,2165,2169,2233,1936,2360,2081,1848
V383,326,313,425,351,454,323,312,435,405,365,2231,2235,2190,2236,2194,2325,2355,2173,2238,2319
V384,1701,1793,2351,1877,1978,2264,1802,1988,1966,1917,0,225,245,252,0,232,242,266,277,0
V385,912,1129,1045,1179,1230,1107,1399,1380,1240,1049,2349,1610,1911,1863,1722,1872,1726,1770,1666,1696
V386,2242,2269,2208,2277,2342,2182,2085,2217,2284,2113,195,0,0,0,0,0,0,179,0,0
V387,1356,1382,1258,1543,1436,1458,1423,1810,1430,1484,2043,1997,2040,1902,1983,1997,2045,2314,2112,2013
V388,2012,2309,1928,2041,1935,1880,1922,1968,1890,1826,736,718,679,635,708,606,660,667,666,715
V389,1827,2294,1916,1908,1803,1865,1876,1890,1885,1891,0,132,0,0,155,137,0,0,149,0
V390,833,857,906,857,895,865,902,1021,957,808,2019,1800,1971,2027,1864,2031,2283,2022,1963,2145
V391,1960,1697,1985,1708,1921,1843,1999,1834,1953,1864,1417,1560,1573,1736,1741,1718,1745,2269,1775,2062
V392,1966.1,2033,1991,2266,1780,1952,2015,1951,2152,1722,1451,1685,1894,1898,1892,1788,2177,1936,2054,1826
V393,1193,2105,2092,2266,1903,1879,2023,2041,2028,1743,1706,1993,1835,2052,2110,1818,1918,1790,1790,2003
V394,464,482,458,528,439,568,497,517,476,573,2224,2066,2265,2023,1940,1834,1860,1912,2091,1963
V395,1362,1700,2030,2238,1654,1604,1527,2015,1761,1213,164,189,158,176,204,203,225,212,208,168
V396,2082,1488,2157,1490,1893,1957,1603,2227,1813,1377,869,955,956,1059,953,902,852,956,876,932
V397,1436,1499,1376,1504,1167,1352,1365,1290,1698,1485,1959,1659,1793,1875,1982,1792,2201,2020,2158,2222
V398,397,508,348,615,388,456,463,620,449,463,2217,461,706,430,401,550,679,455,525,555
V399,1728,1692,1725,1779,1863,1698,1645,1914,1942,1953,1527,1677,1661,1683,1804,1558,1539,1853,1618,1649
V400,1939,1795,2080,1801,2051,1750,1972,1815,1970,1846,1669,1768,1991,2109,2004,2161,1948,1948,2183,1985
V401,2170,2162,1853,9334,1980,1764,1813,1839,9493,1824,1116,928,919,986,1226,1073,996,990,976,815
V402,1703,1535,1862,1735,1702,1424,5732,1790,5880,5906,1911,1843,2148,2100,2126,2101,1881,2006,1932,1944
V403,1713,1802,1924,1871,2140,1848,1617,1857,2015,1910,1557,1589,1681,1619,1789,1930,1829,1998,1787,1725
V404,1883.1,2131,2012,1825,1713,1753,1724,1802,1676,1754,2027,2003,1954,1911,1799,1753,1734,1930,1894,1509
V405,1599,1671,1639,1416,0,2125,1762,1596,1683,1438,1227,1469,1023,1172,1132,1296,1436,1373,1162,1256
V406,1395,1573,1649,1613,1583,1566,1682,1716,1760,1670,1802,2250,2062,2021,1847,2113,1993,1622,2302,1437
V407,1815,1918,2098,1750,1673,1846,1616,1928,845,1873,0,85,80,77,62,98,80,0,69,106
V408,2003,1792,1621,1937,2091,1968,2004,1745,1883,2022,0,1049,1307,1083,1026,1106,1152,1068,1053,1098
V409,820,959,865,826,771,787,755,898,815,951,1778,1961,1940,1943,1875,1907,1956,2011,2074,1943
V410,1820,1819,2073,1856,1743,1749,1993,1681,1691,1810,1303,1138,1281,1088,1236,1112,1138,1167,1197,1048
V411,1203,1095,1069,1107,1171,1102,1008,1269,1092,1399,1658,1875,1927,1885,1932,1885,1928,2067,2043,1847
V412,240,208,209,222,185,218,211,235,313,186,2044,1556,1906,1697,1582,1612,1583,1903,1576,1587
V413,1736,1777,2012,1785,2043,1836,1700,1827,1847,1899,1404,1521,1545,1522,1525,1592,1369,1456,1582,1588
V414,505,416,462,458,471,488,417,502,421,455,2008,1475,1526,1571,1607,1768,1553,1525,1513,1395
V415,1139.1,1053,986,907,892,1127,1211,1047,1368,1099,6114,2008,5699,1821,1535,1792,1795,1949,5661,1744
V416,1541.1,1750,1690,1569,1992,1757,1633,1725,1901,1671,1164,1163,1038,920,1034,1152,1005,1096,974,962
V417,1690,1707,1671,1574,1680,1710,1754,1685,1988,1679,362,0,0,278,247,233,0,0,0,203
V418,1121.1,1553,1314,1174,1350,1489,1238,1404,1621,1371,1973,1714,1756,1582,1903,1633,1698,1716,1729,1620
V419,894,961,946,980,970,833,844,1037,907,881,1917,1540,1841,1561,1659,1957,1800,1945,1920,1669
V420,0.16,0,0,72,0,0,0,65,0,0,1894,1714,1665,1737,1555,1837,869,1948,1860,1777
V421,613.1,709,753,800,618,583,655,845,662,665,1941,711,683,748,669,717,621,615,601,645
V422,469,502,615,564,528,652,540,527,496,561,1941,420,507,537,445,584,615,520,583,564
V423,1726,1633,1751,1931,1809,1599,1601,1735,1723,1629,1465,1210,1200,1231,1230,1211,1232,1149,991,1329
V424,1351,1338,1365,1317,1579,1350,1348,1419,1258,1475,1025,1740,1832,1719,1808,1702,1707,1916,1677,1691
V425,2133,1868,2023,2149,2021,1901,2079,2037,1704,1911,1451,1768,1419,1646,1585,1664,1691,1345,1567,1534
V426,1694,1609,1718,1756,1671,1776,1545,1771,1905,1584,0,1207,1445,1463,1314,1380,1422,1398,1418,1292
V427,783,777,798,905,991,978,1416,977,984,956,1903,1798,1633,1795,1774,1868,1716,1801,1840,1709
V428,137,0,0,153,0,0,104,0,0,95,1644,1622,1898,1743,1673,1653,1722,1723,1706,1700
V429,1118,1279,1243,1386,1120,1193,1162,1177,1170,1284,1883,1470,1497,1482,1550,1622,1550,1463,1528,1472
V430,1655,1655,1881,648,1509,1833,1618,1597,1599,585,0,223,0,0,0,0,273,0,0,0
V431,1732,1578,1694,1497,1649,1606,1424,1415,1629,1718,905,1619,1824,1380,1594,1593,1568,1561,1867,1619
V432,758.1,831,738,815,720,776,806,793,739,756,1852,719,789,866,831,760,838,711,924,795
V433,1367,1554,1532,1513,1425,1445,1424,1852,1477,1343,942,791,828,708,665,622,657,763,713,721
V434,1522.1,1602,1642,1507,1566,1676,1852,1433,1655,1570,1411,772,629,689,620,513,584,573,564,433
V435,1551,1757,1522,1579,1752,1226,1850,1599,1514,1686,1090,1501,1520,1743,1457,1486,1790,1589,1486,1452
V436,1114,1150,1364,1275,1298,1274,1232,1222,1448,1254,1617,1784,1582,1838,1679,1770,1769,1817,1698,1558
V437,1752,1587,1700,1572,1804,1637,1489,1572,1801,1824,709,522,669,619,554,603,624,682,564,488
V438,1604,1684,1818,1384,1482,1476,1775,1778,1650,1575,2242,2629,2886,2785,2523,2471,1425,2974,2733,3071
V439,1473,1817,1303,1281,1471,1439,1412,1360,1468,1488,669,598,580,549,617,694,625,568,648,519
V440,1360,1664,1549,1747,1542,1670,1810,1612,1591,1597,764,893,717,880,685,721,830,964,819,720
V441,1301,1624,1458,1793,1763,1478,1568,1582,1652,1574,2332,1316,1475,1513,1485,1405,1600,1401,1614,1704
V442,1029,933,1021,992,966,1024,1018,1007,1088,971,1634,1605,1611,1637,1755,1767,1782,1403,1671,1491
V443,1495,1628,1367,1349,1763,1521,1414,1440,1621,1578,278,0,0,311,368,0,274,286,266,0
V444,1472,1502,1669,1697,1763,1378,1645,1529,1750,1474,715,1326,1262,1351,1229,1237,1296,1400,1483,1502
V445,1367.1,1565,1489,6422,5689,1569,1370,1546,5995,6211,1761,1117,1232,1151,1300,1113,1252,1168,1223,1078
V446,1493,1409,1565,1553,1578,1447,1642,1676,1558,1703,1468,1488,1493,1750,1600,1723,1508,1590,1634,1533
V447,641,708,664,643,652,583,687,730,769,666,1490,1296,1427,1433,1495,1627,1693,1624,1746,1695
V448,1545,1618,1724,1543,1602,1736,1370,1682,1612,1451,1470,1526,1462,1597,1557,1468,1497,1617,1740,1679
V449,1132,1316,1341,1257,1556,1210,1336,1532,1285,1417,1482,1494,1525,1732,1591,1655,1589,1668,1485,1405
V450,1315,1354,1458,1320,1556,1500,1269,1382,1691,1413,1557,1410,1365,1607,1442,1460,1549,1424,1518,1456
V451,252,297,267,281,250,337,253,301,305,312,1430,1676,1470,1487,1626,1382,1496,1596,1368,1557
V452,1672.1,1344,1343,1389,1304,1377,1443,1236,1335,1421,296,238,273,251,0,279,310,317,280,199
V453,549,643,569,670,745,585,746,542,636,546,1652,490,429,451,482,401,519,420,478,410
V454,1297,1363,1372,1419,1339,1311,1426,1300,1505,1648,1341,1450,1598,1432,1488,1269,1353,1328,1386,1417
V455,1574,1470,1482,1488,1381,1309,1543,1527,1394,1642,591,551,0,484,562,594,620,666,542,525
V456,1382,1241,1378,1257,1636,1230,1391,1300,1542,1480,345,227,236,364,282,286,259,276,275,350
V457,1304,1323,1635,1407,1395,1330,1441,1294,1644,1326,1053,1339,1512,1317,1481,1421,1599,1356,1419,1347
V458,1326,1409,1492,1527,1434,1220,1304,1322,1297,1445,1308,1266,1582,1332,1366,1317,1349,1625,1561,1404
V459,1194,1615,1255,1328,1231,1377,1407,1322,1493,1317,526,416,436,673,569,376,396,414,397,429
V460,881,761,881,792,815,832,809,799,831,876,1372,1451,1507,1466,1482,1564,1501,1571,1477,1599
V461,688,658,790,708,575,745,721,712,735,751,1516,1554,1572,1453,1528,1566,1506,1599,1408,1504
V462,591,519,506,0,0,0,549,542,536,551,1331,1591,1263,1394,1244,1194,1329,1409,1307,1057
V463,1350,1577,1585,1485,1510,1493,1525,1422,1447,1436,1048,1128,1009,1143,1300,1059,1014,1293,1240,1186
V464,925,918,948,1132,873,943,982,981,1115,1055,1593,1563,1572,1584,993,1589,1632,1915,1620,1595
V465,1086,1104,1154,1198,1253,1266,1185,1327,1213,1499,1571,1040,916,1032,1006,879,982,962,1069,971
V466,1488,1408,1361,1565,1306,1513,1555,1431,1497,1446,1370,1723,1491,1293,1481,1337,1378,1486,1451,1482
V467,451,582,659,554,624,520,530,564,485,542,1252,1255,1355,1288,1229,1266,1359,1420,1556,1288
V468,1285,1430,1450,1263,1140,1548,1305,1437,1419,1466,1470,1321,1310,1258,1374,1355,1488,1313,1249,1100
V469,1310,1143,1184,1236,1248,1226,1103,1251,1149,1169,1384,1371,1343,1353,1335,1333,1546,1455,1392,1247
V470,1248.1,1533,1409,1303,1378,1330,1501,1301,1223,1452,1408,396,465,448,364,396,580,407,388,493
V471,1132.1,1060,1372,1309,1231,1224,1228,1220,1530,1377,20026,443,446,17295,522,20500,18839,18854,429,435
V472,917.1,645,762,901,744,996,709,1388,734,806,1527,1128,873,1115,862,1032,840,1136,1157,1080
V473,610,651,585,595,493,501,422,521,519,616,1519,499,521,626,461,555,631,640,577,576
V474,1184,1505,1190,1081,989,1026,1211,1045,920,1276,1064,1075,975,1167,1045,1058,987,1489,1112,1119
V475,1313,1479,1332,1328,1401,1255,1312,1503,1271,1358,0,0,60,71,0,0,79,88,70,88
V476,419,510,864,1246,1126,1200,1497,1284,1214,1373,1038,494,853,1141,1222,1465,1406,1418,1415,1439
V477,1119,1001,1128,1127,1287,929,1058,1131,1128,1030,1087,1032,1050,1206,1006,1276,1474,1180,1108,961
V478,0.17,0,0,0,328,244,0,0,266,288,1465,1144,1162,1117,1104,995,970,1271,1367,973
V479,601,556,626,554,542,653,545,554,599,486,1363,1333,1201,1288,1150,1269,1368,1357,1459,1414
V480,974,1186,1197,1383,1359,1385,1389,1377,1448,1320,0,1157,1340,1257,1362,1160,1358,1205,1113,1233
V481,583,627,622,533,569,648,573,616,577,768,1445,1192,1124,1368,1102,741,1121,1186,1217,1096
V482,677,769,679,675,717,694,790,691,656,693,1441,1227,1169,1297,1149,1398,1166,1076,1349,1259
V483,1074,1223,1106,1208,1194,1178,1165,1178,1198,1291,2838,1429,0,3030,0,0,2878,2958,0,2918
V484,1262,1343,1167,1411,1375,1143,1324,1156,1173,1071,855,786,693,829,794,814,716,691,716,690
V485,1343,1319,1199,1404,1264,1257,1327,1514,1364,1344,626,579,671,545,545,536,728,559,519,544
V486,449,616,428,471,421,396,455,381,475,364,1401,562,666,655,689,559,613,556,644,609
V487,1060,1025,1075,966,1106,918,1056,1024,1164,1008,1054,1315,1224,1194,1047,985,1098,1398,1147,1108
V488,848,818,1227,985,789,1426,748,712,598,776,1213,1398,1254,1270,2474,1328,1088,1168,2023,1072
V489,1091,1396,1335,1251,1342,1234,1163,1231,1158,1326,1093,1120,1029,1188,1162,968,1194,998,985,1090
V490,1149,1002,1151,1166,996,942,947,1006,1175,1023,1060,980,1149,978,1390,1225,1254,1081,1299,951
V491,792,779,880,797,671,899,868,812,743,859,785,1152,1266,1371,1215,1185,1249,1177,1139,1258
V492,925.1,921,876,921,1381,1016,987,1063,920,969,625,962,913,866,932,992,1127,1366,1271,1143
V493,1124,1364,1149,1177,1338,1171,1137,1194,1241,1239,843,971,1044,1002,1038,1086,1053,999,1015,855
V494,1208,1358,1149,1142,1052,1147,1362,1348,1356,1291,1024,1163,1010,1285,1352,1220,1109,999,1169,1205
V495,1035,1204,1067,1073,1223,1188,1026,1020,1071,992,1350,943,956,963,949,1167,893,1150,1095,876
V496,1038,978,1075,1103,1297,986,860,1100,1349,880,856,769,773,748,766,914,812,785,818,901
V497,1084,1051,1110,1158,1346,1092,1342,1144,1074,1080,993,1158,1167,1241,1212,1088,1301,1143,1163,1066
V498,985,1154,1167,1142,1017,1175,1062,1106,1178,1155,1327,1345,1284,1284,1332,1237,1216,1187,1301,1194
V499,1303,1055,1381,1229,1095,1260,1268,1082,1328,1181,1064,1081,1200,1168,1184,1051,1219,1341,1030,1171
V500,744,738,792,935,859,963,897,799,768,782,0,1223,1113,1240,1243,1235,1162,1172,1341,1275
V501,871,1044,1044,1154,1108,1175,1186,1231,1252,1338,506,528,454,447,477,505,535,549,499,459
V502,468,445,423,423,542,443,598,378,402,413,1322,416,615,454,425,432,483,470,467,435
V503,984,1317,1139,903,987,1022,998,1184,927,959,737,695,658,701,775,637,716,754,676,656
V504,601.1,1116,1140,1065,1152,1097,1273,1175,1117,1069,790,1100,1082,1125,1273,1018,1219,918,1316,1315
V505,1072,1081,1067,1162,923,1313,1161,1078,1011,1069,1153,893,1045,1062,984,1130,1100,1078,1221,1194
V506,882.1,1006,985,774,747,765,985,855,759,799,1121,1178,1262,1219,1169,1193,1203,1251,1300,1266
V507,1009,858,1082,963,1050,977,1088,1289,992,1117,592,884,1015,802,801,1044,1182,885,827,826
V508,623,798,831,895,935,918,991,1280,1011,1032,785,580,518,659,578,577,712,686,612,534
V509,366,261,308,499,288,257,254,242,369,285,895,1000,1005,1233,1278,974,1147,1062,1137,1103
V510,1104,960,912,900,1003,810,1198,969,1060,1274,668,569,523,595,547,461,526,557,625,603
V511,1190,1149,1266,1172,1085,1182,1229,1261,1036,1138,0,0,0,0,0,0,0,0,0,0
V512,88,71,67,0,79,0,0,77,47,0,948,1018,989,1206,1128,1200,1029,1262,1244,1143
V513,0.18,261,0,0,223,0,0,0,0,0,1254,800,994,1033,1164,922,537,899,764,1058
V514,1183,822,929,913,1041,808,939,802,850,876,814,736,923,1162,1248,840,889,1197,775,852
V515,1074.1,1235,1011,941,930,1079,1029,1050,998,991,1085,1245,991,1145,1037,1049,1071,1015,1001,993
V516,542,548,581,684,564,503,535,566,562,541,1245,596,623,556,589,590,585,574,662,537
V517,739,756,809,963,896,702,1092,1025,858,877,808,900,817,785,853,939,1015,955,1241,895
V518,512,530,567,594,542,512,485,552,578,480,1168,1110,1240,1111,1221,1060,1096,1124,1084,1236
V519,1232,884,1102,1006,1019,1021,1133,1010,1109,954,942,1000,824,1113,1014,955,840,949,920,922
V520,964.1,1026,1231,875,982,1094,968,830,786,945,882,1009,1090,930,919,1044,916,1139,1132,951
V521,790,933,869,930,818,838,950,1095,1225,873,1348,472,705,672,664,823,694,679,637,536
V522,961,942,975,1040,1042,1223,997,954,988,1106,856,769,773,352,766,914,812,364,328,901
V523,1040,1216,1209,1016,1044,1051,1204,1102,1124,1162,764,770,767,933,926,836,1065,987,697,809
V524,1166,843,888,1102,861,854,791,873,930,987,1203,848,854,809,788,822,653,764,838,652
V525,488,582,405,473,359,377,446,541,385,512,1101,886,1199,1019,978,940,1100,920,939,1073
V526,465,464,466,547,431,412,478,554,538,607,995,1060,1197,1090,1081,1049,1135,1112,1158,1093
V527,749,987,970,873,818,909,757,857,973,903,787,1082,1127,1050,1192,1167,1171,1194,1147,1048
V528,845,968,1002,1068,886,1028,909,973,965,933,1014,1167,1042,1010,931,998,1120,930,909,937
V529,868,880,995,787,1032,875,1164,948,1011,920,375,0,307,0,346,313,332,334,349,0
V530,645,772,524,595,602,598,545,621,541,742,1162,1162,1013,1031,999,1104,1093,896,1136,1046
V531,609,744,596,654,552,690,599,636,840,558,924,923,807,782,954,925,956,961,1140,922
V532,878,686,685,819,639,749,692,702,862,654,1140,1086,942,967,1050,922,924,1021,1043,1035
V533,927,918,1031,929,843,925,1012,985,871,825,853,1030,1138,1067,932,1084,1034,860,860,990
V534,1076.1,1113,959,1073,932,1044,954,938,1000,1129,1106,997,1084,801,935,856,933,827,921,848
V535,785,702,863,973,946,835,837,1114,791,753,1092,772,701,828,632,730,785,693,851,797
V536,1010,1046,941,1110,1017,919,938,860,997,1032,1029,862,971,949,858,1104,1070,905,1002,959
V537,1088,1086,883,909,902,923,1005,942,1006,882,765,745,618,685,639,658,661,563,552,634
V538,1058,946,849,910,976,890,744,965,939,1008,697,568,503,506,635,438,635,519,476,437
V539,898,902,782,879,988,853,1040,890,962,947,714,744,626,611,722,806,793,753,700,591
V540,716,839,878,802,881,781,779,992,896,884,956,750,965,892,991,905,978,1037,872,949
V541,918,896,881,786,784,823,876,882,1027,1005,628,483,642,637,511,697,679,652,514,707
V542,522,668,573,730,604,599,523,530,565,797,776,870,810,760,914,914,819,1026,907,889
V543,317,507,683,555,525,665,697,867,886,885,736,705,779,882,788,1019,858,798,895,812
V544,936,822,841,874,754,843,875,832,895,909,841,839,834,1018,885,932,917,938,996,913
V545,754,944,816,845,980,913,1016,830,939,956,738,741,593,554,580,727,666,593,693,573
V546,328,417,490,813,857,803,788,793,906,1015,199,307,495,491,819,684,772,725,573,762
V547,801,848,699,1013,788,725,806,771,920,799,791,734,691,727,735,743,958,652,830,885
V548,479,539,455,391,457,536,463,487,380,332,737,925,1012,787,834,936,761,820,893,821
V549,253.1,357,567,815,979,557,1009,985,959,964,140,254,591,526,654,779,658,628,682,720
V550,0.19,0,0,0,0,215,0,0,0,190,656,893,922,917,781,1008,805,922,927,814
V551,775,907,919,917,1007,688,737,683,758,730,802,894,877,831,704,730,784,742,859,653
V552,791,995,750,934,882,868,896,775,767,716,824,895,751,671,701,724,666,687,612,725
V553,848.1,875,887,950,861,942,851,878,927,991,0,321,287,393,373,316,296,387,331,514
V554,991.1,924,812,983,930,926,894,880,965,863,636,850,867,856,877,934,874,942,957,962
V555,779,697,712,565,595,445,563,511,493,531,780,782,926,754,688,851,815,983,754,822
V556,902,799,976,945,867,823,699,781,688,684,789,648,701,818,978,744,737,708,818,739
V557,687,955,699,762,865,785,779,904,740,853,1069,607,834,709,764,578,606,663,680,622
V558,563.1,500,586,503,624,614,570,577,816,704,706,705,736,953,822,780,834,898,835,800
V559,0.2,0,0,94,87,0,0,0,0,0,714,844,773,858,824,917,680,904,668,902
V560,898.1,766,859,773,865,915,759,893,689,722,0,136,0,0,118,0,211,195,113,126
V561,733,912,862,811,773,718,800,892,903,771,548,647,664,754,617,607,649,768,822,635
V562,644,647,682,633,908,650,639,656,877,758,222,0,181,143,240,254,0,200,188,199
V563,744.1,895,791,888,830,1062,666,777,774,823,1075,815,853,828,766,673,777,746,792,779
V564,598,532,477,520,496,715,582,554,502,496,621,705,882,688,684,787,734,760,754,728
V565,814,667,832,837,761,882,842,858,779,865,596,415,504,476,561,471,569,572,582,482
V566,630,727,756,674,696,624,769,875,783,662,676,843,631,596,637,622,588,651,763,686
V567,788,716,752,729,863,652,757,696,650,737,139,548,748,670,684,701,622,672,718,647
V568,258,243,286,223,0,245,315,290,224,225,632,511,555,858,648,686,719,654,659,747
V569,413,576,657,668,783,771,836,729,762,752,0,516,594,781,638,643,660,745,684,760
V570,695,780,686,697,750,695,746,699,819,676,422,551,723,841,600,763,686,902,793,641
V571,512.1,467,541,565,440,500,427,483,456,417,643,602,731,808,638,744,744,673,695,647
V572,658,790,630,720,610,661,808,722,661,677,557,597,579,668,486,592,700,609,554,582
V573,441,395,474,473,334,479,490,545,502,424,724,790,805,770,706,741,625,712,619,568
V574,592,582,784,674,568,577,528,469,538,542,877,746,644,665,752,591,680,751,796,591
V575,647,620,652,802,702,626,615,795,634,696,455,574,543,435,447,543,425,493,537,413
V576,673,689,837,555,707,753,655,590,699,598,772,691,759,791,622,655,618,711,625,759
V577,624,639,683,687,780,661,707,638,655,613,772,741,674,692,642,669,646,630,657,783
V578,596,657,653,594,645,710,622,654,630,654,770,532,535,718,584,657,659,661,674,616
V579,625,548,571,560,535,760,610,468,613,611,671,664,639,714,590,530,526,567,665,576
V580,790.1,466,525,550,629,574,558,653,761,754,586,552,735,622,752,612,663,565,560,526
V581,582,690,760,566,578,649,637,732,660,640,625,606,658,588,528,635,686,512,659,578
V582,628,533,675,671,572,516,597,621,545,559,729,642,575,661,646,586,657,520,540,576
V583,0.21,0,0,189,177,174,0,161,160,117,605,610,665,725,640,643,616,694,631,607
V584,422,476,498,593,531,458,466,453,483,612,767,714,694,658,678,633,712,623,677,673
V585,575,512,604,583,517,532,569,509,712,655,540,487,534,596,601,560,600,525,589,562
V586,679,545,655,578,599,585,645,455,691,553,596,649,693,684,619,880,710,655,609,572
V587,579,547,572,500,506,480,508,383,326,448,508,626,695,633,612,653,680,683,670,687
V588,652,607,540,613,665,694,585,658,574,581,0,580,534,501,586,601,578,737,580,598
V589,425,744,447,581,598,496,573,553,556,693,400,387,404,481,428,487,450,521,565,376
V590,542.1,602,598,666,627,622,568,521,593,588,426,566,575,644,684,530,484,545,615,594
V591,598.1,530,463,468,658,727,544,575,624,639,329,399,565,527,468,438,527,451,410,450
V592,549.1,608,594,534,480,524,517,543,478,415,455,440,487,563,566,600,546,508,568,497
V593,537,575,511,561,445,488,407,462,485,488,414,459,544,547,406,456,457,424,413,450
V594,572,533,475,511,452,542,482,488,469,553,351,335,404,401,483,469,474,521,457,449
V595,443,463,444,653,493,521,541,515,416,489,442,533,485,496,505,568,564,419,454,392
